id,data
TC037-LINKS-ID-1,1.LinkKontrol
TC037-LINKS-ID-2,2.LinkKontrol
TC037-LINKS-ID-3,3.LinkKontrol
TC037-LINKS-ID-4,4.LinkKontrol
TC037-LINKS-ID-5,5.LinkKontrol
TC037-LINKS-ID-6,6.LinkKontrol
TC037-LINKS-ID-7,7.LinkKontrol
TC037-LINKS-ID-8,8.LinkKontrol
TC037-LINKS-ID-9,9.LinkKontrol
TC037-LINKS-ID-10,10.LinkKontrol
TC037-LINKS-ID-11,11.LinkKontrol
TC037-LINKS-ID-12,12.LinkKontrol
TC037-LINKS-ID-13,13.LinkKontrol
TC037-LINKS-ID-14,14.LinkKontrol
TC037-LINKS-ID-15,15.LinkKontrol
TC037-LINKS-ID-16,16.LinkKontrol
